emp_no,title,to_date,salary,birth_date
294791,Assistant Engineer,9999-01-01,62854,1965-01-28
239706,Assistant Engineer,9999-01-01,58498,1965-01-15
29418,Assistant Engineer,9999-01-01,57496,1965-01-22
415187,Assistant Engineer,9999-01-01,57432,1965-01-03
201739,Assistant Engineer,9999-01-01,57310,1965-01-16
92598,Assistant Engineer,9999-01-01,56144,1965-01-18
231459,Assistant Engineer,9999-01-01,55246,1965-01-28
472052,Assistant Engineer,9999-01-01,52516,1965-01-26
69936,Assistant Engineer,9999-01-01,50124,1965-01-23
281570,Assistant Engineer,9999-01-01,50023,1965-01-08
29380,Assistant Engineer,9999-01-01,48212,1965-01-30
248953,Assistant Engineer,9999-01-01,47201,1965-01-29
489928,Assistant Engineer,9999-01-01,43680,1965-01-28
71710,Assistant Engineer,9999-01-01,43204,1965-01-31
44962,Assistant Engineer,9999-01-01,40000,1965-01-16
56682,Assistant Engineer,9999-01-01,40000,1965-01-28
84315,Assistant Engineer,9999-01-01,40000,1965-01-23
92577,Assistant Engineer,9999-01-01,40000,1965-01-06
207551,Assistant Engineer,9999-01-01,40000,1965-01-15
222616,Assistant Engineer,9999-01-01,40000,1965-02-01
230287,Assistant Engineer,9999-01-01,40000,1965-01-14
253838,Assistant Engineer,9999-01-01,40000,1965-01-28
272860,Assistant Engineer,9999-01-01,40000,1965-02-01
295262,Assistant Engineer,9999-01-01,40000,1965-01-22
297905,Assistant Engineer,9999-01-01,40000,1965-01-12
297954,Assistant Engineer,9999-01-01,40000,1965-01-13
415338,Assistant Engineer,9999-01-01,40000,1965-01-22
481397,Assistant Engineer,9999-01-01,40000,1965-01-31
483838,Assistant Engineer,9999-01-01,40000,1965-01-03
218831,Engineer,9999-01-01,99378,1965-01-16
275158,Engineer,9999-01-01,93286,1965-01-07
442490,Engineer,9999-01-01,90851,1965-01-08
432257,Engineer,9999-01-01,84748,1965-01-20
432523,Engineer,9999-01-01,77172,1965-01-21
458111,Engineer,9999-01-01,76812,1965-01-23
408114,Engineer,9999-01-01,75323,1965-01-05
497391,Engineer,9999-01-01,74583,1965-01-30
246364,Engineer,9999-01-01,72695,1965-01-06
14476,Engineer,9999-01-01,72512,1965-01-19
465874,Engineer,9999-01-01,72099,1965-01-12
60845,Engineer,9999-01-01,71431,1965-01-14
17731,Engineer,9999-01-01,68972,1965-01-16
27699,Engineer,9999-01-01,67505,1965-01-15
47139,Engineer,9999-01-01,67283,1965-01-25
424569,Engineer,9999-01-01,67193,1965-01-14
209712,Engineer,9999-01-01,65975,1965-01-17
478218,Engineer,9999-01-01,65244,1965-01-02
214539,Engineer,9999-01-01,64488,1965-01-27
429520,Engineer,9999-01-01,64463,1965-01-06
442653,Engineer,9999-01-01,64003,1965-01-04
202291,Engineer,9999-01-01,63773,1965-01-16
492639,Engineer,9999-01-01,63732,1965-01-30
262752,Engineer,9999-01-01,63602,1965-01-04
425830,Engineer,9999-01-01,63504,1965-01-30
486956,Engineer,9999-01-01,63351,1965-01-01
216502,Engineer,9999-01-01,63256,1965-01-26
214427,Engineer,9999-01-01,62160,1965-01-29
401278,Engineer,9999-01-01,62122,1965-01-16
474763,Engineer,9999-01-01,61436,1965-01-07
247456,Engineer,9999-01-01,61394,1965-01-16
272452,Engineer,9999-01-01,60967,1965-01-10
479024,Engineer,9999-01-01,60882,1965-01-03
273396,Engineer,9999-01-01,60301,1965-01-10
21181,Engineer,9999-01-01,60114,1965-01-21
60000,Engineer,9999-01-01,60002,1965-01-16
291669,Engineer,9999-01-01,59691,1965-01-04
41357,Engineer,9999-01-01,59086,1965-01-06
423208,Engineer,9999-01-01,58830,1965-01-19
459172,Engineer,9999-01-01,58787,1965-01-19
488619,Engineer,9999-01-01,58714,1965-01-25
271106,Engineer,9999-01-01,57783,1965-01-10
482335,Engineer,9999-01-01,56445,1965-01-26
244711,Engineer,9999-01-01,56130,1965-01-25
279115,Engineer,9999-01-01,55885,1965-01-05
416892,Engineer,9999-01-01,55754,1965-01-03
66382,Engineer,9999-01-01,55428,1965-01-04
430631,Engineer,9999-01-01,55205,1965-01-17
258028,Engineer,9999-01-01,55108,1965-01-07
205018,Engineer,9999-01-01,55086,1965-01-26
290478,Engineer,9999-01-01,54683,1965-01-03
493096,Engineer,9999-01-01,54424,1965-01-31
286779,Engineer,9999-01-01,54400,1965-01-24
431882,Engineer,9999-01-01,53101,1965-01-21
490551,Engineer,9999-01-01,52602,1965-01-01
290284,Engineer,9999-01-01,52459,1965-01-08
44265,Engineer,9999-01-01,52444,1965-01-24
221369,Engineer,9999-01-01,52230,1965-01-28
426819,Engineer,9999-01-01,51809,1965-01-13
469399,Engineer,9999-01-01,51576,1965-01-25
95416,Engineer,9999-01-01,51499,1965-01-13
485817,Engineer,9999-01-01,51242,1965-01-29
96579,Engineer,9999-01-01,50866,1965-01-18
404788,Engineer,9999-01-01,50754,1965-01-16
32552,Engineer,9999-01-01,50710,1965-01-17
429481,Engineer,9999-01-01,50310,1965-01-09
242081,Engineer,9999-01-01,50182,1965-01-12
109552,Engineer,9999-01-01,49886,1965-01-31
299580,Engineer,9999-01-01,49708,1965-01-21
16528,Engineer,9999-01-01,49557,1965-01-21
285906,Engineer,9999-01-01,49297,1965-01-02
261631,Engineer,9999-01-01,48817,1965-01-08
105731,Engineer,9999-01-01,48369,1965-01-15
426228,Engineer,9999-01-01,48175,1965-01-17
32844,Engineer,9999-01-01,48091,1965-01-23
88647,Engineer,9999-01-01,47900,1965-01-10
58990,Engineer,9999-01-01,47785,1965-01-04
287334,Engineer,9999-01-01,47441,1965-01-05
429569,Engineer,9999-01-01,47441,1965-01-03
210449,Engineer,9999-01-01,47376,1965-01-19
233690,Engineer,9999-01-01,47246,1965-01-17
473940,Engineer,9999-01-01,46814,1965-01-16
109703,Engineer,9999-01-01,46705,1965-01-17
207021,Engineer,9999-01-01,46523,1965-01-20
242800,Engineer,9999-01-01,46401,1965-01-11
85702,Engineer,9999-01-01,46279,1965-01-04
31909,Engineer,9999-01-01,46224,1965-01-10
63706,Engineer,9999-01-01,46185,1965-01-26
77815,Engineer,9999-01-01,46164,1965-01-21
69878,Engineer,9999-01-01,46063,1965-01-24
272316,Engineer,9999-01-01,46031,1965-01-05
90077,Engineer,9999-01-01,45948,1965-01-24
89346,Engineer,9999-01-01,45781,1965-01-13
88965,Engineer,9999-01-01,45594,1965-01-20
454736,Engineer,9999-01-01,45224,1965-01-24
102620,Engineer,9999-01-01,45060,1965-01-03
287984,Engineer,9999-01-01,45001,1965-01-09
49177,Engineer,9999-01-01,44995,1965-01-03
90614,Engineer,9999-01-01,44589,1965-01-29
252185,Engineer,9999-01-01,44552,1965-01-01
488482,Engineer,9999-01-01,44477,1965-01-30
459685,Engineer,9999-01-01,44433,1965-02-01
58454,Engineer,9999-01-01,44411,1965-01-25
229727,Engineer,9999-01-01,43638,1965-01-23
425437,Engineer,9999-01-01,43287,1965-01-03
224135,Engineer,9999-01-01,43178,1965-01-02
72190,Engineer,9999-01-01,43105,1965-01-19
286452,Engineer,9999-01-01,43036,1965-01-26
86655,Engineer,9999-01-01,42987,1965-01-01
406564,Engineer,9999-01-01,42716,1965-01-25
441954,Engineer,9999-01-01,42564,1965-01-03
282191,Engineer,9999-01-01,41448,1965-01-16
418606,Engineer,9999-01-01,41390,1965-01-11
66643,Engineer,9999-01-01,41133,1965-01-18
282547,Engineer,9999-01-01,40754,1965-01-18
409391,Engineer,9999-01-01,40675,1965-01-06
78363,Engineer,9999-01-01,40030,1965-01-03
14075,Engineer,9999-01-01,40000,1965-01-03
20313,Engineer,9999-01-01,40000,1965-01-24
21188,Engineer,9999-01-01,40000,1965-01-21
22185,Engineer,9999-01-01,40000,1965-01-29
42955,Engineer,9999-01-01,40000,1965-01-12
43848,Engineer,9999-01-01,40000,1965-01-11
44054,Engineer,9999-01-01,40000,1965-01-18
50293,Engineer,9999-01-01,40000,1965-01-26
56829,Engineer,9999-01-01,40000,1965-01-09
61873,Engineer,9999-01-01,40000,1965-01-19
62245,Engineer,9999-01-01,40000,1965-01-01
71745,Engineer,9999-01-01,40000,1965-01-02
73743,Engineer,9999-01-01,40000,1965-01-15
74344,Engineer,9999-01-01,40000,1965-02-01
82511,Engineer,9999-01-01,40000,1965-01-27
82919,Engineer,9999-01-01,40000,1965-01-05
84508,Engineer,9999-01-01,40000,1965-01-17
84922,Engineer,9999-01-01,40000,1965-01-22
87714,Engineer,9999-01-01,40000,1965-01-16
88411,Engineer,9999-01-01,40000,1965-01-31
90211,Engineer,9999-01-01,40000,1965-01-15
95406,Engineer,9999-01-01,40000,1965-01-08
95509,Engineer,9999-01-01,40000,1965-01-11
103342,Engineer,9999-01-01,40000,1965-01-03
103756,Engineer,9999-01-01,40000,1965-01-31
202403,Engineer,9999-01-01,40000,1965-01-09
207204,Engineer,9999-01-01,40000,1965-01-25
214995,Engineer,9999-01-01,40000,1965-01-12
217320,Engineer,9999-01-01,40000,1965-01-10
222354,Engineer,9999-01-01,40000,1965-01-15
225601,Engineer,9999-01-01,40000,1965-01-13
225788,Engineer,9999-01-01,40000,1965-01-08
228098,Engineer,9999-01-01,40000,1965-01-18
232723,Engineer,9999-01-01,40000,1965-01-14
233394,Engineer,9999-01-01,40000,1965-01-06
233759,Engineer,9999-01-01,40000,1965-01-14
239426,Engineer,9999-01-01,40000,1965-01-08
247612,Engineer,9999-01-01,40000,1965-01-04
251437,Engineer,9999-01-01,40000,1965-01-20
253029,Engineer,9999-01-01,40000,1965-01-13
256216,Engineer,9999-01-01,40000,1965-01-01
260361,Engineer,9999-01-01,40000,1965-01-25
264030,Engineer,9999-01-01,40000,1965-01-15
268043,Engineer,9999-01-01,40000,1965-01-28
271219,Engineer,9999-01-01,40000,1965-01-16
279791,Engineer,9999-01-01,40000,1965-01-10
284954,Engineer,9999-01-01,40000,1965-01-16
291612,Engineer,9999-01-01,40000,1965-01-30
292146,Engineer,9999-01-01,40000,1965-01-09
292515,Engineer,9999-01-01,40000,1965-01-04
400780,Engineer,9999-01-01,40000,1965-01-09
400796,Engineer,9999-01-01,40000,1965-01-10
402102,Engineer,9999-01-01,40000,1965-01-21
412757,Engineer,9999-01-01,40000,1965-01-03
414091,Engineer,9999-01-01,40000,1965-01-17
421312,Engineer,9999-01-01,40000,1965-01-13
422146,Engineer,9999-01-01,40000,1965-01-08
422783,Engineer,9999-01-01,40000,1965-01-18
424984,Engineer,9999-01-01,40000,1965-01-11
433260,Engineer,9999-01-01,40000,1965-02-01
438557,Engineer,9999-01-01,40000,1965-01-30
442898,Engineer,9999-01-01,40000,1965-01-07
452365,Engineer,9999-01-01,40000,1965-01-05
453688,Engineer,9999-01-01,40000,1965-01-24
454338,Engineer,9999-01-01,40000,1965-01-24
457611,Engineer,9999-01-01,40000,1965-01-09
458383,Engineer,9999-01-01,40000,1965-01-06
459356,Engineer,9999-01-01,40000,1965-01-21
471397,Engineer,9999-01-01,40000,1965-02-01
471911,Engineer,9999-01-01,40000,1965-01-14
476122,Engineer,9999-01-01,40000,1965-01-04
478170,Engineer,9999-01-01,40000,1965-01-22
499260,Engineer,9999-01-01,40000,1965-01-11
499495,Engineer,9999-01-01,40000,1965-01-14
430054,Senior Engineer,9999-01-01,91507,1965-01-22
228766,Senior Engineer,9999-01-01,86747,1965-01-11
100865,Senior Engineer,9999-01-01,84451,1965-01-19
230002,Senior Engineer,9999-01-01,84438,1965-01-07
478833,Senior Engineer,9999-01-01,83315,1965-01-30
477578,Senior Engineer,9999-01-01,83068,1965-01-23
57934,Senior Engineer,9999-01-01,82396,1965-01-25
83805,Senior Engineer,9999-01-01,81354,1965-01-23
233114,Senior Engineer,9999-01-01,78365,1965-01-20
294857,Senior Engineer,9999-01-01,76899,1965-01-15
64532,Senior Engineer,9999-01-01,76024,1965-01-23
412404,Senior Engineer,9999-01-01,75569,1965-01-15
227476,Senior Engineer,9999-01-01,73795,1965-01-11
249969,Senior Engineer,9999-01-01,73578,1965-01-21
432261,Senior Engineer,9999-01-01,73145,1965-01-30
104988,Senior Engineer,9999-01-01,71970,1965-01-07
452325,Senior Engineer,9999-01-01,71879,1965-01-14
19803,Senior Engineer,9999-01-01,71465,1965-01-30
107737,Senior Engineer,9999-01-01,70367,1965-01-23
454791,Senior Engineer,9999-01-01,70297,1965-01-22
72194,Senior Engineer,9999-01-01,70267,1965-01-26
62033,Senior Engineer,9999-01-01,69343,1965-01-24
221435,Senior Engineer,9999-01-01,68650,1965-01-06
96767,Senior Engineer,9999-01-01,68591,1965-01-07
414543,Senior Engineer,9999-01-01,68487,1965-01-03
430891,Senior Engineer,9999-01-01,68320,1965-01-06
461120,Senior Engineer,9999-01-01,68304,1965-01-18
26671,Senior Engineer,9999-01-01,68039,1965-01-21
19236,Senior Engineer,9999-01-01,67760,1965-01-24
408163,Senior Engineer,9999-01-01,67566,1965-01-21
405063,Senior Engineer,9999-01-01,67423,1965-01-26
478768,Senior Engineer,9999-01-01,67237,1965-01-03
86354,Senior Engineer,9999-01-01,66984,1965-01-27
285396,Senior Engineer,9999-01-01,66793,1965-01-27
426644,Senior Engineer,9999-01-01,66298,1965-01-13
484498,Senior Engineer,9999-01-01,66106,1965-01-26
469735,Senior Engineer,9999-01-01,65879,1965-01-30
418239,Senior Engineer,9999-01-01,65620,1965-01-03
400358,Senior Engineer,9999-01-01,65485,1965-01-31
82098,Senior Engineer,9999-01-01,65236,1965-01-25
275263,Senior Engineer,9999-01-01,64702,1965-01-21
287482,Senior Engineer,9999-01-01,63479,1965-01-01
276445,Senior Engineer,9999-01-01,63137,1965-01-27
78871,Senior Engineer,9999-01-01,63067,1965-01-15
418566,Senior Engineer,9999-01-01,62954,1965-01-27
89922,Senior Engineer,9999-01-01,62911,1965-01-26
455914,Senior Engineer,9999-01-01,62820,1965-01-01
31514,Senior Engineer,9999-01-01,62415,1965-01-13
201915,Senior Engineer,9999-01-01,62133,1965-01-02
263645,Senior Engineer,9999-01-01,62104,1965-01-19
262636,Senior Engineer,9999-01-01,62056,1965-01-04
55799,Senior Engineer,9999-01-01,61980,1965-01-23
206966,Senior Engineer,9999-01-01,61861,1965-01-21
30182,Senior Engineer,9999-01-01,61572,1965-01-26
87783,Senior Engineer,9999-01-01,61557,1965-01-26
280648,Senior Engineer,9999-01-01,61217,1965-01-04
72232,Senior Engineer,9999-01-01,61027,1965-01-10
235793,Senior Engineer,9999-01-01,61027,1965-01-03
409898,Senior Engineer,9999-01-01,60860,1965-02-01
65539,Senior Engineer,9999-01-01,60784,1965-01-23
68633,Senior Engineer,9999-01-01,60777,1965-01-28
89048,Senior Engineer,9999-01-01,60750,1965-01-24
409805,Senior Engineer,9999-01-01,60575,1965-01-15
44959,Senior Engineer,9999-01-01,60432,1965-01-21
472950,Senior Engineer,9999-01-01,60425,1965-01-29
80889,Senior Engineer,9999-01-01,60339,1965-01-07
481764,Senior Engineer,9999-01-01,60322,1965-01-27
293329,Senior Engineer,9999-01-01,60254,1965-01-15
38593,Senior Engineer,9999-01-01,60124,1965-01-14
82928,Senior Engineer,9999-01-01,60112,1965-01-27
85288,Senior Engineer,9999-01-01,59922,1965-01-06
452137,Senior Engineer,9999-01-01,59812,1965-01-15
64790,Senior Engineer,9999-01-01,59783,1965-01-29
20885,Senior Engineer,9999-01-01,59704,1965-01-21
216375,Senior Engineer,9999-01-01,59674,1965-01-16
436558,Senior Engineer,9999-01-01,59648,1965-01-08
264167,Senior Engineer,9999-01-01,59581,1965-01-25
453790,Senior Engineer,9999-01-01,59270,1965-01-11
403010,Senior Engineer,9999-01-01,59167,1965-01-16
496970,Senior Engineer,9999-01-01,58910,1965-01-03
45162,Senior Engineer,9999-01-01,58610,1965-01-11
465076,Senior Engineer,9999-01-01,58601,1965-01-19
446424,Senior Engineer,9999-01-01,58549,1965-01-16
98306,Senior Engineer,9999-01-01,58503,1965-01-16
402718,Senior Engineer,9999-01-01,58377,1965-01-17
490568,Senior Engineer,9999-01-01,58375,1965-01-01
100916,Senior Engineer,9999-01-01,58123,1965-01-18
34788,Senior Engineer,9999-01-01,58068,1965-01-27
94944,Senior Engineer,9999-01-01,57985,1965-01-13
416383,Senior Engineer,9999-01-01,57970,1965-01-29
292210,Senior Engineer,9999-01-01,57954,1965-01-17
245164,Senior Engineer,9999-01-01,57847,1965-01-23
213447,Senior Engineer,9999-01-01,57808,1965-02-01
208147,Senior Engineer,9999-01-01,57788,1965-01-09
492677,Senior Engineer,9999-01-01,57772,1965-01-26
284711,Senior Engineer,9999-01-01,57721,1965-01-21
450184,Senior Engineer,9999-01-01,57687,1965-01-11
490720,Senior Engineer,9999-01-01,57642,1965-01-19
246146,Senior Engineer,9999-01-01,57332,1965-01-30
447966,Senior Engineer,9999-01-01,57165,1965-01-05
249780,Senior Engineer,9999-01-01,56733,1965-01-12
70990,Senior Engineer,9999-01-01,56701,1965-01-22
450817,Senior Engineer,9999-01-01,56583,1965-01-10
241667,Senior Engineer,9999-01-01,56580,1965-01-28
30007,Senior Engineer,9999-01-01,56378,1965-01-24
229981,Senior Engineer,9999-01-01,56315,1965-01-19
281859,Senior Engineer,9999-01-01,56239,1965-01-17
22926,Senior Engineer,9999-01-01,56184,1965-01-01
93040,Senior Engineer,9999-01-01,56125,1965-01-19
105432,Senior Engineer,9999-01-01,55985,1965-01-08
454825,Senior Engineer,9999-01-01,55857,1965-01-02
80850,Senior Engineer,9999-01-01,55815,1965-02-01
491162,Senior Engineer,9999-01-01,55743,1965-01-14
426958,Senior Engineer,9999-01-01,55729,1965-01-19
286986,Senior Engineer,9999-01-01,55706,1965-01-01
404018,Senior Engineer,9999-01-01,55622,1965-01-11
250452,Senior Engineer,9999-01-01,55615,1965-01-14
226227,Senior Engineer,9999-01-01,55409,1965-01-07
485489,Senior Engineer,9999-01-01,55395,1965-01-01
12155,Senior Engineer,9999-01-01,55355,1965-01-21
275444,Senior Engineer,9999-01-01,55338,1965-01-16
49119,Senior Engineer,9999-01-01,55051,1965-01-09
427571,Senior Engineer,9999-01-01,55037,1965-01-20
472790,Senior Engineer,9999-01-01,55035,1965-01-23
243077,Senior Engineer,9999-01-01,54935,1965-02-01
208653,Senior Engineer,9999-01-01,54926,1965-01-23
251680,Senior Engineer,9999-01-01,54883,1965-01-05
224335,Senior Engineer,9999-01-01,54702,1965-01-29
92438,Senior Engineer,9999-01-01,54543,1965-01-04
465711,Senior Engineer,9999-01-01,54507,1965-01-06
434936,Senior Engineer,9999-01-01,54397,1965-01-15
56209,Senior Engineer,9999-01-01,54373,1965-01-19
67934,Senior Engineer,9999-01-01,54347,1965-01-07
87353,Senior Engineer,9999-01-01,54168,1965-01-07
68416,Senior Engineer,9999-01-01,54132,1965-01-27
62046,Senior Engineer,9999-01-01,54073,1965-01-31
200363,Senior Engineer,9999-01-01,54013,1965-01-10
244820,Senior Engineer,9999-01-01,54013,1965-01-15
427320,Senior Engineer,9999-01-01,53985,1965-01-13
255466,Senior Engineer,9999-01-01,53964,1965-01-18
222311,Senior Engineer,9999-01-01,53877,1965-01-20
268191,Senior Engineer,9999-01-01,53601,1965-01-07
83280,Senior Engineer,9999-01-01,53451,1965-01-07
292110,Senior Engineer,9999-01-01,53348,1965-01-23
20129,Senior Engineer,9999-01-01,53292,1965-01-10
257062,Senior Engineer,9999-01-01,53285,1965-01-24
494088,Senior Engineer,9999-01-01,53267,1965-01-10
282894,Senior Engineer,9999-01-01,53242,1965-01-05
84451,Senior Engineer,9999-01-01,52930,1965-01-20
472238,Senior Engineer,9999-01-01,52860,1965-01-31
50831,Senior Engineer,9999-01-01,52845,1965-01-06
483825,Senior Engineer,9999-01-01,52817,1965-01-22
241728,Senior Engineer,9999-01-01,52540,1965-01-30
426706,Senior Engineer,9999-01-01,52496,1965-01-07
225964,Senior Engineer,9999-01-01,52478,1965-01-19
442096,Senior Engineer,9999-01-01,52432,1965-01-15
289454,Senior Engineer,9999-01-01,52363,1965-01-20
259273,Senior Engineer,9999-01-01,52325,1965-01-22
498955,Senior Engineer,9999-01-01,52314,1965-01-13
35044,Senior Engineer,9999-01-01,52310,1965-01-04
17988,Senior Engineer,9999-01-01,52284,1965-01-31
46811,Senior Engineer,9999-01-01,52228,1965-01-10
21843,Senior Engineer,9999-01-01,52216,1965-01-09
414662,Senior Engineer,9999-01-01,52170,1965-01-21
446306,Senior Engineer,9999-01-01,52162,1965-01-22
66702,Senior Engineer,9999-01-01,52161,1965-02-01
52038,Senior Engineer,9999-01-01,52102,1965-01-13
265521,Senior Engineer,9999-01-01,52088,1965-01-04
295278,Senior Engineer,9999-01-01,51829,1965-01-04
261184,Senior Engineer,9999-01-01,51696,1965-01-30
81105,Senior Engineer,9999-01-01,51686,1965-01-14
476327,Senior Engineer,9999-01-01,51519,1965-01-31
415563,Senior Engineer,9999-01-01,51477,1965-01-21
71243,Senior Engineer,9999-01-01,51345,1965-01-10
423633,Senior Engineer,9999-01-01,51147,1965-01-30
99377,Senior Engineer,9999-01-01,51127,1965-01-18
222952,Senior Engineer,9999-01-01,51100,1965-01-28
220799,Senior Engineer,9999-01-01,51087,1965-01-17
66807,Senior Engineer,9999-01-01,50982,1965-01-21
284561,Senior Engineer,9999-01-01,50960,1965-01-03
249433,Senior Engineer,9999-01-01,50915,1965-01-16
451272,Senior Engineer,9999-01-01,50905,1965-01-02
416720,Senior Engineer,9999-01-01,50877,1965-01-14
244714,Senior Engineer,9999-01-01,50839,1965-01-27
442312,Senior Engineer,9999-01-01,50796,1965-01-05
201801,Senior Engineer,9999-01-01,50795,1965-01-12
209101,Senior Engineer,9999-01-01,50790,1965-01-05
34452,Senior Engineer,9999-01-01,50679,1965-01-08
39341,Senior Engineer,9999-01-01,50645,1965-01-01
288028,Senior Engineer,9999-01-01,50537,1965-01-22
242019,Senior Engineer,9999-01-01,50527,1965-01-09
14127,Senior Engineer,9999-01-01,50454,1965-01-10
402025,Senior Engineer,9999-01-01,50425,1965-01-20
79606,Senior Engineer,9999-01-01,50381,1965-01-03
261986,Senior Engineer,9999-01-01,50346,1965-01-21
481790,Senior Engineer,9999-01-01,50133,1965-01-22
47515,Senior Engineer,9999-01-01,50098,1965-01-26
262210,Senior Engineer,9999-01-01,50052,1965-01-22
229391,Senior Engineer,9999-01-01,50035,1965-01-15
40536,Senior Engineer,9999-01-01,49948,1965-01-20
38043,Senior Engineer,9999-01-01,49927,1965-01-05
421755,Senior Engineer,9999-01-01,49914,1965-01-03
61541,Senior Engineer,9999-01-01,49649,1965-01-08
410804,Senior Engineer,9999-01-01,49617,1965-01-17
24205,Senior Engineer,9999-01-01,49424,1965-01-25
482885,Senior Engineer,9999-01-01,49347,1965-01-29
222770,Senior Engineer,9999-01-01,49344,1965-01-22
93278,Senior Engineer,9999-01-01,49314,1965-02-01
227354,Senior Engineer,9999-01-01,49256,1965-01-12
276472,Senior Engineer,9999-01-01,49162,1965-01-27
424584,Senior Engineer,9999-01-01,49152,1965-02-01
410433,Senior Engineer,9999-01-01,49038,1965-01-19
469366,Senior Engineer,9999-01-01,48989,1965-01-12
52599,Senior Engineer,9999-01-01,48897,1965-01-25
205863,Senior Engineer,9999-01-01,48877,1965-01-06
214634,Senior Engineer,9999-01-01,48826,1965-01-12
94761,Senior Engineer,9999-01-01,48772,1965-01-27
447999,Senior Engineer,9999-01-01,48626,1965-01-05
288665,Senior Engineer,9999-01-01,48607,1965-01-31
287609,Senior Engineer,9999-01-01,48605,1965-01-06
420086,Senior Engineer,9999-01-01,48457,1965-01-27
239415,Senior Engineer,9999-01-01,48404,1965-01-01
38103,Senior Engineer,9999-01-01,48383,1965-01-12
427852,Senior Engineer,9999-01-01,48349,1965-01-02
448918,Senior Engineer,9999-01-01,48275,1965-01-23
35441,Senior Engineer,9999-01-01,48152,1965-01-31
220131,Senior Engineer,9999-01-01,48012,1965-01-09
251233,Senior Engineer,9999-01-01,47919,1965-01-07
463212,Senior Engineer,9999-01-01,47857,1965-01-09
204764,Senior Engineer,9999-01-01,47854,1965-01-22
287583,Senior Engineer,9999-01-01,47726,1965-01-18
68608,Senior Engineer,9999-01-01,47652,1965-01-26
491079,Senior Engineer,9999-01-01,47638,1965-01-06
258643,Senior Engineer,9999-01-01,47581,1965-01-11
478007,Senior Engineer,9999-01-01,47559,1965-01-06
93220,Senior Engineer,9999-01-01,47553,1965-01-11
52970,Senior Engineer,9999-01-01,47552,1965-01-22
76189,Senior Engineer,9999-01-01,47490,1965-01-02
41518,Senior Engineer,9999-01-01,47399,1965-01-11
96571,Senior Engineer,9999-01-01,47390,1965-01-13
407837,Senior Engineer,9999-01-01,47359,1965-02-01
444465,Senior Engineer,9999-01-01,47281,1965-01-13
233765,Senior Engineer,9999-01-01,47195,1965-01-20
418309,Senior Engineer,9999-01-01,47095,1965-01-24
479407,Senior Engineer,9999-01-01,46866,1965-01-18
49017,Senior Engineer,9999-01-01,46622,1965-01-07
51142,Senior Engineer,9999-01-01,46516,1965-01-29
232209,Senior Engineer,9999-01-01,46339,1965-01-11
252316,Senior Engineer,9999-01-01,46232,1965-01-07
15050,Senior Engineer,9999-01-01,46188,1965-01-18
46943,Senior Engineer,9999-01-01,46091,1965-01-31
231798,Senior Engineer,9999-01-01,46062,1965-01-28
446959,Senior Engineer,9999-01-01,46058,1965-01-29
408019,Senior Engineer,9999-01-01,46019,1965-01-01
256881,Senior Engineer,9999-01-01,45924,1965-01-03
490557,Senior Engineer,9999-01-01,45888,1965-01-27
64023,Senior Engineer,9999-01-01,45861,1965-01-11
247447,Senior Engineer,9999-01-01,45800,1965-01-28
76201,Senior Engineer,9999-01-01,45799,1965-01-10
467392,Senior Engineer,9999-01-01,45749,1965-01-07
90084,Senior Engineer,9999-01-01,45685,1965-01-01
109062,Senior Engineer,9999-01-01,45396,1965-02-01
497174,Senior Engineer,9999-01-01,45255,1965-01-02
445067,Senior Engineer,9999-01-01,45253,1965-01-28
29782,Senior Engineer,9999-01-01,45222,1965-01-29
281692,Senior Engineer,9999-01-01,45215,1965-01-06
103316,Senior Engineer,9999-01-01,45189,1965-01-03
486958,Senior Engineer,9999-01-01,45160,1965-01-06
41520,Senior Engineer,9999-01-01,44818,1965-01-20
452956,Senior Engineer,9999-01-01,44716,1965-01-17
265875,Senior Engineer,9999-01-01,44708,1965-01-20
91182,Senior Engineer,9999-01-01,44702,1965-01-04
465062,Senior Engineer,9999-01-01,44624,1965-01-29
290769,Senior Engineer,9999-01-01,44580,1965-01-26
97018,Senior Engineer,9999-01-01,44400,1965-01-09
29679,Senior Engineer,9999-01-01,44381,1965-01-17
253893,Senior Engineer,9999-01-01,44376,1965-01-04
294461,Senior Engineer,9999-01-01,44245,1965-01-14
79171,Senior Engineer,9999-01-01,44193,1965-01-19
431887,Senior Engineer,9999-01-01,44157,1965-01-05
73076,Senior Engineer,9999-01-01,44141,1965-01-22
485579,Senior Engineer,9999-01-01,44117,1965-01-18
56847,Senior Engineer,9999-01-01,44031,1965-01-14
447613,Senior Engineer,9999-01-01,43894,1965-01-15
220029,Senior Engineer,9999-01-01,43792,1965-01-17
105356,Senior Engineer,9999-01-01,43737,1965-01-29
83714,Senior Engineer,9999-01-01,43736,1965-01-27
73233,Senior Engineer,9999-01-01,43651,1965-01-15
211858,Senior Engineer,9999-01-01,43498,1965-01-08
404236,Senior Engineer,9999-01-01,43423,1965-01-12
273286,Senior Engineer,9999-01-01,43159,1965-01-26
402664,Senior Engineer,9999-01-01,43122,1965-01-04
492217,Senior Engineer,9999-01-01,43116,1965-01-16
24377,Senior Engineer,9999-01-01,42900,1965-01-25
64487,Senior Engineer,9999-01-01,42874,1965-01-27
457489,Senior Engineer,9999-01-01,42727,1965-01-24
457776,Senior Engineer,9999-01-01,42709,1965-01-15
469104,Senior Engineer,9999-01-01,42499,1965-01-21
497007,Senior Engineer,9999-01-01,42380,1965-01-23
51060,Senior Engineer,9999-01-01,42308,1965-01-15
432665,Senior Engineer,9999-01-01,42199,1965-01-02
222878,Senior Engineer,9999-01-01,42172,1965-01-10
30695,Senior Engineer,9999-01-01,42052,1965-01-08
30465,Senior Engineer,9999-01-01,41895,1965-01-28
217551,Senior Engineer,9999-01-01,41730,1965-01-02
456982,Senior Engineer,9999-01-01,41631,1965-01-07
53597,Senior Engineer,9999-01-01,41626,1965-01-30
414551,Senior Engineer,9999-01-01,41620,1965-01-22
213384,Senior Engineer,9999-01-01,41608,1965-01-04
468773,Senior Engineer,9999-01-01,41553,1965-01-27
418380,Senior Engineer,9999-01-01,41525,1965-01-02
432787,Senior Engineer,9999-01-01,41515,1965-01-16
216573,Senior Engineer,9999-01-01,41448,1965-01-29
411070,Senior Engineer,9999-01-01,41389,1965-01-29
249799,Senior Engineer,9999-01-01,41338,1965-01-04
435791,Senior Engineer,9999-01-01,41333,1965-01-07
81995,Senior Engineer,9999-01-01,41280,1965-01-10
60559,Senior Engineer,9999-01-01,41261,1965-01-19
60875,Senior Engineer,9999-01-01,41164,1965-01-21
35798,Senior Engineer,9999-01-01,41160,1965-01-29
453723,Senior Engineer,9999-01-01,40996,1965-01-15
233426,Senior Engineer,9999-01-01,40990,1965-01-12
411082,Senior Engineer,9999-01-01,40987,1965-01-08
34533,Senior Engineer,9999-01-01,40829,1965-01-10
455814,Senior Engineer,9999-01-01,40757,1965-01-28
211967,Senior Engineer,9999-01-01,40704,1965-01-07
410372,Senior Engineer,9999-01-01,40608,1965-01-08
213016,Senior Engineer,9999-01-01,40596,1965-01-22
90292,Senior Engineer,9999-01-01,40491,1965-01-09
28193,Senior Engineer,9999-01-01,40490,1965-01-29
469529,Senior Engineer,9999-01-01,40247,1965-01-07
404462,Senior Engineer,9999-01-01,40194,1965-01-09
42911,Senior Engineer,9999-01-01,40181,1965-01-29
10933,Senior Engineer,9999-01-01,40000,1965-01-24
12408,Senior Engineer,9999-01-01,40000,1965-01-10
15413,Senior Engineer,9999-01-01,40000,1965-01-17
17206,Senior Engineer,9999-01-01,40000,1965-01-02
17369,Senior Engineer,9999-01-01,40000,1965-01-31
18021,Senior Engineer,9999-01-01,40000,1965-01-07
18424,Senior Engineer,9999-01-01,40000,1965-01-19
18810,Senior Engineer,9999-01-01,40000,1965-01-09
24571,Senior Engineer,9999-01-01,40000,1965-01-20
26788,Senior Engineer,9999-01-01,40000,1965-01-25
27620,Senior Engineer,9999-01-01,40000,1965-01-25
28974,Senior Engineer,9999-01-01,40000,1965-01-09
29954,Senior Engineer,9999-01-01,40000,1965-01-27
31207,Senior Engineer,9999-01-01,40000,1965-01-30
33722,Senior Engineer,9999-01-01,40000,1965-01-15
34446,Senior Engineer,9999-01-01,40000,1965-01-31
35642,Senior Engineer,9999-01-01,40000,1965-01-30
36982,Senior Engineer,9999-01-01,40000,1965-01-22
37945,Senior Engineer,9999-01-01,40000,1965-01-02
38550,Senior Engineer,9999-01-01,40000,1965-01-14
40283,Senior Engineer,9999-01-01,40000,1965-01-07
40301,Senior Engineer,9999-01-01,40000,1965-01-20
44540,Senior Engineer,9999-01-01,40000,1965-01-16
47262,Senior Engineer,9999-01-01,40000,1965-01-10
48882,Senior Engineer,9999-01-01,40000,1965-01-28
50311,Senior Engineer,9999-01-01,40000,1965-01-24
52956,Senior Engineer,9999-01-01,40000,1965-01-31
53499,Senior Engineer,9999-01-01,40000,1965-01-20
53924,Senior Engineer,9999-01-01,40000,1965-01-27
54198,Senior Engineer,9999-01-01,40000,1965-01-01
55640,Senior Engineer,9999-01-01,40000,1965-01-25
55687,Senior Engineer,9999-01-01,40000,1965-01-02
56105,Senior Engineer,9999-01-01,40000,1965-01-11
58384,Senior Engineer,9999-01-01,40000,1965-01-22
61253,Senior Engineer,9999-01-01,40000,1965-01-09
63294,Senior Engineer,9999-01-01,40000,1965-01-23
63419,Senior Engineer,9999-01-01,40000,1965-01-14
63631,Senior Engineer,9999-01-01,40000,1965-01-22
64984,Senior Engineer,9999-01-01,40000,1965-01-06
71334,Senior Engineer,9999-01-01,40000,1965-01-15
71685,Senior Engineer,9999-01-01,40000,1965-01-01
72640,Senior Engineer,9999-01-01,40000,1965-01-24
73516,Senior Engineer,9999-01-01,40000,1965-01-14
74200,Senior Engineer,9999-01-01,40000,1965-01-16
74800,Senior Engineer,9999-01-01,40000,1965-01-25
75354,Senior Engineer,9999-01-01,40000,1965-01-11
75703,Senior Engineer,9999-01-01,40000,1965-01-08
76640,Senior Engineer,9999-01-01,40000,1965-01-02
80948,Senior Engineer,9999-01-01,40000,1965-01-27
82069,Senior Engineer,9999-01-01,40000,1965-01-20
83289,Senior Engineer,9999-01-01,40000,1965-01-09
83509,Senior Engineer,9999-01-01,40000,1965-01-04
84179,Senior Engineer,9999-01-01,40000,1965-01-25
86546,Senior Engineer,9999-01-01,40000,1965-01-09
89680,Senior Engineer,9999-01-01,40000,1965-01-27
89806,Senior Engineer,9999-01-01,40000,1965-01-27
91229,Senior Engineer,9999-01-01,40000,1965-01-01
92454,Senior Engineer,9999-01-01,40000,1965-01-24
92920,Senior Engineer,9999-01-01,40000,1965-01-20
95286,Senior Engineer,9999-01-01,40000,1965-01-18
106096,Senior Engineer,9999-01-01,40000,1965-01-14
107486,Senior Engineer,9999-01-01,40000,1965-01-23
108316,Senior Engineer,9999-01-01,40000,1965-01-02
109211,Senior Engineer,9999-01-01,40000,1965-01-11
109741,Senior Engineer,9999-01-01,40000,1965-01-11
200312,Senior Engineer,9999-01-01,40000,1965-01-27
202552,Senior Engineer,9999-01-01,40000,1965-01-05
202826,Senior Engineer,9999-01-01,40000,1965-01-19
202882,Senior Engineer,9999-01-01,40000,1965-01-25
204425,Senior Engineer,9999-01-01,40000,1965-01-03
204471,Senior Engineer,9999-01-01,40000,1965-01-27
205500,Senior Engineer,9999-01-01,40000,1965-01-04
205627,Senior Engineer,9999-01-01,40000,1965-01-21
208784,Senior Engineer,9999-01-01,40000,1965-01-30
211879,Senior Engineer,9999-01-01,40000,1965-01-12
212361,Senior Engineer,9999-01-01,40000,1965-01-16
214789,Senior Engineer,9999-01-01,40000,1965-01-28
214866,Senior Engineer,9999-01-01,40000,1965-02-01
216342,Senior Engineer,9999-01-01,40000,1965-01-22
217080,Senior Engineer,9999-01-01,40000,1965-01-12
217387,Senior Engineer,9999-01-01,40000,1965-01-21
219047,Senior Engineer,9999-01-01,40000,1965-01-30
221126,Senior Engineer,9999-01-01,40000,1965-01-23
222319,Senior Engineer,9999-01-01,40000,1965-01-20
222926,Senior Engineer,9999-01-01,40000,1965-01-10
225867,Senior Engineer,9999-01-01,40000,1965-01-26
229220,Senior Engineer,9999-01-01,40000,1965-01-21
230498,Senior Engineer,9999-01-01,40000,1965-01-15
232697,Senior Engineer,9999-01-01,40000,1965-01-23
233818,Senior Engineer,9999-01-01,40000,1965-01-01
234739,Senior Engineer,9999-01-01,40000,1965-01-31
235325,Senior Engineer,9999-01-01,40000,1965-01-06
235368,Senior Engineer,9999-01-01,40000,1965-01-09
235780,Senior Engineer,9999-01-01,40000,1965-01-17
236827,Senior Engineer,9999-01-01,40000,1965-01-28
239664,Senior Engineer,9999-01-01,40000,1965-01-04
240236,Senior Engineer,9999-01-01,40000,1965-01-24
240340,Senior Engineer,9999-01-01,40000,1965-01-14
241100,Senior Engineer,9999-01-01,40000,1965-01-23
241254,Senior Engineer,9999-01-01,40000,1965-01-15
241567,Senior Engineer,9999-01-01,40000,1965-01-18
247888,Senior Engineer,9999-01-01,40000,1965-01-15
249239,Senior Engineer,9999-01-01,40000,1965-01-21
249504,Senior Engineer,9999-01-01,40000,1965-01-07
250748,Senior Engineer,9999-01-01,40000,1965-01-27
252392,Senior Engineer,9999-01-01,40000,1965-01-01
254044,Senior Engineer,9999-01-01,40000,1965-01-16
255657,Senior Engineer,9999-01-01,40000,1965-01-20
261737,Senior Engineer,9999-01-01,40000,1965-01-23
262928,Senior Engineer,9999-01-01,40000,1965-01-01
263439,Senior Engineer,9999-01-01,40000,1965-01-09
264939,Senior Engineer,9999-01-01,40000,1965-01-10
267227,Senior Engineer,9999-01-01,40000,1965-01-10
275881,Senior Engineer,9999-01-01,40000,1965-01-08
275994,Senior Engineer,9999-01-01,40000,1965-01-29
277420,Senior Engineer,9999-01-01,40000,1965-01-16
277777,Senior Engineer,9999-01-01,40000,1965-01-27
277829,Senior Engineer,9999-01-01,40000,1965-01-22
278953,Senior Engineer,9999-01-01,40000,1965-01-26
279280,Senior Engineer,9999-01-01,40000,1965-01-09
281848,Senior Engineer,9999-01-01,40000,1965-01-29
284687,Senior Engineer,9999-01-01,40000,1965-01-15
284691,Senior Engineer,9999-01-01,40000,1965-01-04
284717,Senior Engineer,9999-01-01,40000,1965-01-11
284856,Senior Engineer,9999-01-01,40000,1965-01-05
286573,Senior Engineer,9999-01-01,40000,1965-01-27
288563,Senior Engineer,9999-01-01,40000,1965-01-02
288893,Senior Engineer,9999-01-01,40000,1965-01-30
290563,Senior Engineer,9999-01-01,40000,1965-01-09
292504,Senior Engineer,9999-01-01,40000,1965-01-27
292828,Senior Engineer,9999-01-01,40000,1965-01-10
293280,Senior Engineer,9999-01-01,40000,1965-01-24
293746,Senior Engineer,9999-01-01,40000,1965-01-25
294652,Senior Engineer,9999-01-01,40000,1965-01-27
295236,Senior Engineer,9999-01-01,40000,1965-01-24
296664,Senior Engineer,9999-01-01,40000,1965-01-31
296718,Senior Engineer,9999-01-01,40000,1965-01-30
298339,Senior Engineer,9999-01-01,40000,1965-01-11
401333,Senior Engineer,9999-01-01,40000,1965-01-30
403954,Senior Engineer,9999-01-01,40000,1965-01-10
406239,Senior Engineer,9999-01-01,40000,1965-01-09
408953,Senior Engineer,9999-01-01,40000,1965-01-26
410616,Senior Engineer,9999-01-01,40000,1965-01-18
410881,Senior Engineer,9999-01-01,40000,1965-01-06
414027,Senior Engineer,9999-01-01,40000,1965-01-31
416074,Senior Engineer,9999-01-01,40000,1965-01-08
416492,Senior Engineer,9999-01-01,40000,1965-01-15
416660,Senior Engineer,9999-01-01,40000,1965-01-28
418298,Senior Engineer,9999-01-01,40000,1965-01-08
428917,Senior Engineer,9999-01-01,40000,1965-01-23
429249,Senior Engineer,9999-01-01,40000,1965-01-28
430558,Senior Engineer,9999-01-01,40000,1965-01-07
431657,Senior Engineer,9999-01-01,40000,1965-01-31
432399,Senior Engineer,9999-01-01,40000,1965-01-19
439377,Senior Engineer,9999-01-01,40000,1965-01-28
440435,Senior Engineer,9999-01-01,40000,1965-01-03
441536,Senior Engineer,9999-01-01,40000,1965-01-10
444487,Senior Engineer,9999-01-01,40000,1965-01-03
445226,Senior Engineer,9999-01-01,40000,1965-01-01
445950,Senior Engineer,9999-01-01,40000,1965-01-23
447018,Senior Engineer,9999-01-01,40000,1965-01-17
447877,Senior Engineer,9999-01-01,40000,1965-01-13
447982,Senior Engineer,9999-01-01,40000,1965-01-25
449984,Senior Engineer,9999-01-01,40000,1965-02-01
450934,Senior Engineer,9999-01-01,40000,1965-01-23
454994,Senior Engineer,9999-01-01,40000,1965-01-01
455284,Senior Engineer,9999-01-01,40000,1965-01-09
457411,Senior Engineer,9999-01-01,40000,1965-01-13
457813,Senior Engineer,9999-01-01,40000,1965-01-28
457832,Senior Engineer,9999-01-01,40000,1965-02-01
458790,Senior Engineer,9999-01-01,40000,1965-01-17
460707,Senior Engineer,9999-01-01,40000,1965-01-07
462493,Senior Engineer,9999-01-01,40000,1965-01-12
466509,Senior Engineer,9999-01-01,40000,1965-01-26
467441,Senior Engineer,9999-01-01,40000,1965-01-13
468417,Senior Engineer,9999-01-01,40000,1965-01-25
468659,Senior Engineer,9999-01-01,40000,1965-01-18
469253,Senior Engineer,9999-01-01,40000,1965-01-17
469269,Senior Engineer,9999-01-01,40000,1965-01-23
470472,Senior Engineer,9999-01-01,40000,1965-02-01
475087,Senior Engineer,9999-01-01,40000,1965-01-31
475938,Senior Engineer,9999-01-01,40000,1965-01-14
475965,Senior Engineer,9999-01-01,40000,1965-01-02
477969,Senior Engineer,9999-01-01,40000,1965-01-18
480066,Senior Engineer,9999-01-01,40000,1965-01-31
480407,Senior Engineer,9999-01-01,40000,1965-01-01
483675,Senior Engineer,9999-01-01,40000,1965-01-22
484756,Senior Engineer,9999-01-01,40000,1965-01-16
485577,Senior Engineer,9999-01-01,40000,1965-01-30
486808,Senior Engineer,9999-01-01,40000,1965-01-05
488693,Senior Engineer,9999-01-01,40000,1965-01-27
491596,Senior Engineer,9999-01-01,40000,1965-01-21
493744,Senior Engineer,9999-01-01,40000,1965-01-14
498185,Senior Engineer,9999-01-01,40000,1965-01-19
498845,Senior Engineer,9999-01-01,40000,1965-01-09
452982,Senior Staff,9999-01-01,103154,1965-01-29
429238,Senior Staff,9999-01-01,98463,1965-01-29
58497,Senior Staff,9999-01-01,90613,1965-01-22
214215,Senior Staff,9999-01-01,90603,1965-01-25
67320,Senior Staff,9999-01-01,89952,1965-01-18
417435,Senior Staff,9999-01-01,88979,1965-01-03
488540,Senior Staff,9999-01-01,88346,1965-01-22
411143,Senior Staff,9999-01-01,87814,1965-01-08
447544,Senior Staff,9999-01-01,86434,1965-01-22
464284,Senior Staff,9999-01-01,85882,1965-01-20
258124,Senior Staff,9999-01-01,84665,1965-01-17
287983,Senior Staff,9999-01-01,83519,1965-01-23
262208,Senior Staff,9999-01-01,82779,1965-01-16
413205,Senior Staff,9999-01-01,82766,1965-01-09
46834,Senior Staff,9999-01-01,82569,1965-01-22
88103,Senior Staff,9999-01-01,81862,1965-01-09
444208,Senior Staff,9999-01-01,81161,1965-01-27
472143,Senior Staff,9999-01-01,78806,1965-01-25
92841,Senior Staff,9999-01-01,78441,1965-01-22
276184,Senior Staff,9999-01-01,77922,1965-01-10
460920,Senior Staff,9999-01-01,77844,1965-01-22
247875,Senior Staff,9999-01-01,77461,1965-01-02
438038,Senior Staff,9999-01-01,77091,1965-01-01
46328,Senior Staff,9999-01-01,76950,1965-01-05
47708,Senior Staff,9999-01-01,76137,1965-01-05
69219,Senior Staff,9999-01-01,75769,1965-01-09
21546,Senior Staff,9999-01-01,75391,1965-01-01
426153,Senior Staff,9999-01-01,74658,1965-01-16
64632,Senior Staff,9999-01-01,74384,1965-01-07
270794,Senior Staff,9999-01-01,73566,1965-02-01
487008,Senior Staff,9999-01-01,73387,1965-01-22
78106,Senior Staff,9999-01-01,73059,1965-01-09
203720,Senior Staff,9999-01-01,72078,1965-01-30
105520,Senior Staff,9999-01-01,71995,1965-01-01
228554,Senior Staff,9999-01-01,71741,1965-01-03
58819,Senior Staff,9999-01-01,71147,1965-01-04
275801,Senior Staff,9999-01-01,70395,1965-01-22
440325,Senior Staff,9999-01-01,70248,1965-01-10
52639,Senior Staff,9999-01-01,69976,1965-01-09
22415,Senior Staff,9999-01-01,69277,1965-01-20
263649,Senior Staff,9999-01-01,67578,1965-01-17
421022,Senior Staff,9999-01-01,67327,1965-01-26
467886,Senior Staff,9999-01-01,66865,1965-01-02
427805,Senior Staff,9999-01-01,66766,1965-01-21
482905,Senior Staff,9999-01-01,65709,1965-01-16
266249,Senior Staff,9999-01-01,65301,1965-01-15
425757,Senior Staff,9999-01-01,65128,1965-01-18
425780,Senior Staff,9999-01-01,65037,1965-01-15
261662,Senior Staff,9999-01-01,64577,1965-01-11
207068,Senior Staff,9999-01-01,63190,1965-01-13
243018,Senior Staff,9999-01-01,62716,1965-01-02
27686,Senior Staff,9999-01-01,62592,1965-01-28
497340,Senior Staff,9999-01-01,62550,1965-01-06
294527,Senior Staff,9999-01-01,62362,1965-01-04
267304,Senior Staff,9999-01-01,61938,1965-01-06
499194,Senior Staff,9999-01-01,61589,1965-01-29
94416,Senior Staff,9999-01-01,61048,1965-01-01
423038,Senior Staff,9999-01-01,60743,1965-01-20
41609,Senior Staff,9999-01-01,60396,1965-01-04
53431,Senior Staff,9999-01-01,60379,1965-01-12
443108,Senior Staff,9999-01-01,60079,1965-01-14
293080,Senior Staff,9999-01-01,59821,1965-01-12
109598,Senior Staff,9999-01-01,59483,1965-02-01
297431,Senior Staff,9999-01-01,58600,1965-01-12
48947,Senior Staff,9999-01-01,57836,1965-01-05
416420,Senior Staff,9999-01-01,57583,1965-01-22
259611,Senior Staff,9999-01-01,57203,1965-01-27
204133,Senior Staff,9999-01-01,56752,1965-01-22
297232,Senior Staff,9999-01-01,56647,1965-01-16
435370,Senior Staff,9999-01-01,56330,1965-01-16
74668,Senior Staff,9999-01-01,56031,1965-01-01
445723,Senior Staff,9999-01-01,55964,1965-01-31
58147,Senior Staff,9999-01-01,55703,1965-01-09
92685,Senior Staff,9999-01-01,55634,1965-01-26
473268,Senior Staff,9999-01-01,55564,1965-01-01
248351,Senior Staff,9999-01-01,55386,1965-02-01
89941,Senior Staff,9999-01-01,55028,1965-01-23
238949,Senior Staff,9999-01-01,55007,1965-01-09
443485,Senior Staff,9999-01-01,54884,1965-01-23
209443,Senior Staff,9999-01-01,54723,1965-01-19
31147,Senior Staff,9999-01-01,54305,1965-01-04
485253,Senior Staff,9999-01-01,53582,1965-01-14
425540,Senior Staff,9999-01-01,53256,1965-01-03
217800,Senior Staff,9999-01-01,52924,1965-02-01
449189,Senior Staff,9999-01-01,52150,1965-01-30
285905,Senior Staff,9999-01-01,51667,1965-01-09
251301,Senior Staff,9999-01-01,51640,1965-01-30
486918,Senior Staff,9999-01-01,51627,1965-01-18
79895,Senior Staff,9999-01-01,51534,1965-01-30
32649,Senior Staff,9999-01-01,51124,1965-01-12
202414,Senior Staff,9999-01-01,50945,1965-01-13
85216,Senior Staff,9999-01-01,50873,1965-01-18
26629,Senior Staff,9999-01-01,50836,1965-01-28
483401,Senior Staff,9999-01-01,50685,1965-01-10
432034,Senior Staff,9999-01-01,50138,1965-01-24
205789,Senior Staff,9999-01-01,49886,1965-01-31
484126,Senior Staff,9999-01-01,48754,1965-01-05
36626,Senior Staff,9999-01-01,48437,1965-01-02
466064,Senior Staff,9999-01-01,48435,1965-01-31
27378,Senior Staff,9999-01-01,48227,1965-01-28
207779,Senior Staff,9999-01-01,48113,1965-01-16
219967,Senior Staff,9999-01-01,47439,1965-01-16
293154,Senior Staff,9999-01-01,47147,1965-01-21
414714,Senior Staff,9999-01-01,47105,1965-01-06
287713,Senior Staff,9999-01-01,46369,1965-01-23
30035,Senior Staff,9999-01-01,45843,1965-01-08
230689,Senior Staff,9999-01-01,45823,1965-01-14
85874,Senior Staff,9999-01-01,45034,1965-01-30
292404,Senior Staff,9999-01-01,44910,1965-01-28
274369,Senior Staff,9999-01-01,44399,1965-01-29
424685,Senior Staff,9999-01-01,44053,1965-01-10
437369,Senior Staff,9999-01-01,44053,1965-02-01
79310,Senior Staff,9999-01-01,43707,1965-01-24
220528,Senior Staff,9999-01-01,42934,1965-01-06
221367,Senior Staff,9999-01-01,42249,1965-01-13
69052,Senior Staff,9999-01-01,42091,1965-01-26
436827,Senior Staff,9999-01-01,42069,1965-01-30
229098,Senior Staff,9999-01-01,41874,1965-01-08
450475,Senior Staff,9999-01-01,41804,1965-01-21
259619,Senior Staff,9999-01-01,41263,1965-01-21
478799,Senior Staff,9999-01-01,40297,1965-01-18
20128,Senior Staff,9999-01-01,40000,1965-01-23
33025,Senior Staff,9999-01-01,40000,1965-01-12
42950,Senior Staff,9999-01-01,40000,1965-01-22
49477,Senior Staff,9999-01-01,40000,1965-01-14
63566,Senior Staff,9999-01-01,40000,1965-01-31
64209,Senior Staff,9999-01-01,40000,1965-01-24
82351,Senior Staff,9999-01-01,40000,1965-01-26
202950,Senior Staff,9999-01-01,40000,1965-01-17
224390,Senior Staff,9999-01-01,40000,1965-01-24
266862,Senior Staff,9999-01-01,40000,1965-01-10
276563,Senior Staff,9999-01-01,40000,1965-01-01
277362,Senior Staff,9999-01-01,40000,1965-01-09
295030,Senior Staff,9999-01-01,40000,1965-01-01
299346,Senior Staff,9999-01-01,40000,1965-01-09
400046,Senior Staff,9999-01-01,40000,1965-01-12
401420,Senior Staff,9999-01-01,40000,1965-01-06
413832,Senior Staff,9999-01-01,40000,1965-01-24
430593,Senior Staff,9999-01-01,40000,1965-01-19
447135,Senior Staff,9999-01-01,40000,1965-01-31
451275,Senior Staff,9999-01-01,40000,1965-01-25
451333,Senior Staff,9999-01-01,40000,1965-01-15
460691,Senior Staff,9999-01-01,40000,1965-01-16
465085,Senior Staff,9999-01-01,40000,1965-01-18
474331,Senior Staff,9999-01-01,40000,1965-01-29
485799,Senior Staff,9999-01-01,40000,1965-01-27
488095,Senior Staff,9999-01-01,40000,1965-01-24
12643,Staff,9999-01-01,114784,1965-01-30
270716,Staff,9999-01-01,104010,1965-01-19
447232,Staff,9999-01-01,102759,1965-01-22
483978,Staff,9999-01-01,100425,1965-01-24
280525,Staff,9999-01-01,100167,1965-01-13
424797,Staff,9999-01-01,99526,1965-01-19
258470,Staff,9999-01-01,98002,1965-01-04
494493,Staff,9999-01-01,96959,1965-01-10
440642,Staff,9999-01-01,96916,1965-01-14
81644,Staff,9999-01-01,96620,1965-01-05
482944,Staff,9999-01-01,96529,1965-01-26
419099,Staff,9999-01-01,96271,1965-01-15
246798,Staff,9999-01-01,96152,1965-01-09
288606,Staff,9999-01-01,93892,1965-01-21
65883,Staff,9999-01-01,93721,1965-01-07
104133,Staff,9999-01-01,92751,1965-01-31
459429,Staff,9999-01-01,92397,1965-01-14
290441,Staff,9999-01-01,91982,1965-01-25
443841,Staff,9999-01-01,91933,1965-01-08
285164,Staff,9999-01-01,91283,1965-01-02
239067,Staff,9999-01-01,90988,1965-01-11
284300,Staff,9999-01-01,90644,1965-01-22
455726,Staff,9999-01-01,89978,1965-01-08
278549,Staff,9999-01-01,89009,1965-01-02
231069,Staff,9999-01-01,88709,1965-01-22
233785,Staff,9999-01-01,88012,1965-01-30
421033,Staff,9999-01-01,87795,1965-01-14
493048,Staff,9999-01-01,87744,1965-01-31
34505,Staff,9999-01-01,87384,1965-01-28
433438,Staff,9999-01-01,86599,1965-01-06
277316,Staff,9999-01-01,86493,1965-01-03
99590,Staff,9999-01-01,86023,1965-01-24
65998,Staff,9999-01-01,85937,1965-01-09
236964,Staff,9999-01-01,85659,1965-01-17
429231,Staff,9999-01-01,85371,1965-01-09
428219,Staff,9999-01-01,84926,1965-01-21
433157,Staff,9999-01-01,84693,1965-01-16
47702,Staff,9999-01-01,84625,1965-01-21
91648,Staff,9999-01-01,84094,1965-01-29
433059,Staff,9999-01-01,83650,1965-01-02
16461,Staff,9999-01-01,83638,1965-01-14
473299,Staff,9999-01-01,83582,1965-01-12
427776,Staff,9999-01-01,83358,1965-01-25
265794,Staff,9999-01-01,83098,1965-01-15
249325,Staff,9999-01-01,82809,1965-01-26
32714,Staff,9999-01-01,82622,1965-01-16
420557,Staff,9999-01-01,82355,1965-01-06
416877,Staff,9999-01-01,82181,1965-01-02
244873,Staff,9999-01-01,82148,1965-01-04
69867,Staff,9999-01-01,82080,1965-01-22
439924,Staff,9999-01-01,81991,1965-01-30
456767,Staff,9999-01-01,81806,1965-01-24
273806,Staff,9999-01-01,81637,1965-01-01
91256,Staff,9999-01-01,81518,1965-01-13
93549,Staff,9999-01-01,81468,1965-02-01
424805,Staff,9999-01-01,81079,1965-01-24
444099,Staff,9999-01-01,81037,1965-01-28
204117,Staff,9999-01-01,80942,1965-01-10
425535,Staff,9999-01-01,80858,1965-01-18
39952,Staff,9999-01-01,80468,1965-01-02
107792,Staff,9999-01-01,80432,1965-01-13
79763,Staff,9999-01-01,80428,1965-01-20
280420,Staff,9999-01-01,80385,1965-01-31
208330,Staff,9999-01-01,80127,1965-01-11
215746,Staff,9999-01-01,79967,1965-01-08
265558,Staff,9999-01-01,79792,1965-01-31
423327,Staff,9999-01-01,79684,1965-01-27
84236,Staff,9999-01-01,79481,1965-01-18
50453,Staff,9999-01-01,79402,1965-01-12
248758,Staff,9999-01-01,79398,1965-02-01
420765,Staff,9999-01-01,78825,1965-01-17
107828,Staff,9999-01-01,78757,1965-01-26
71066,Staff,9999-01-01,78430,1965-01-27
225438,Staff,9999-01-01,78303,1965-01-14
262439,Staff,9999-01-01,78223,1965-01-30
201709,Staff,9999-01-01,78121,1965-01-01
435289,Staff,9999-01-01,78074,1965-01-04
482755,Staff,9999-01-01,77972,1965-01-03
429954,Staff,9999-01-01,77431,1965-01-26
282343,Staff,9999-01-01,77230,1965-01-13
242500,Staff,9999-01-01,76979,1965-01-08
263370,Staff,9999-01-01,76883,1965-01-03
431576,Staff,9999-01-01,76741,1965-01-06
461270,Staff,9999-01-01,76737,1965-01-10
235096,Staff,9999-01-01,75886,1965-01-21
298577,Staff,9999-01-01,75632,1965-01-11
437395,Staff,9999-01-01,75620,1965-01-21
491632,Staff,9999-01-01,75387,1965-01-01
267667,Staff,9999-01-01,75381,1965-01-05
299737,Staff,9999-01-01,75091,1965-02-01
429381,Staff,9999-01-01,75021,1965-01-06
54800,Staff,9999-01-01,74827,1965-01-13
251166,Staff,9999-01-01,74699,1965-01-22
489756,Staff,9999-01-01,74625,1965-01-01
217363,Staff,9999-01-01,74333,1965-01-14
496978,Staff,9999-01-01,74289,1965-01-30
294144,Staff,9999-01-01,74140,1965-01-09
294241,Staff,9999-01-01,74077,1965-01-12
289909,Staff,9999-01-01,73997,1965-01-09
220418,Staff,9999-01-01,73906,1965-01-23
72918,Staff,9999-01-01,73810,1965-01-22
49464,Staff,9999-01-01,73678,1965-01-14
481213,Staff,9999-01-01,73617,1965-01-08
60238,Staff,9999-01-01,73612,1965-01-23
287323,Staff,9999-01-01,73295,1965-02-01
442002,Staff,9999-01-01,72966,1965-01-03
447931,Staff,9999-01-01,72595,1965-01-11
421074,Staff,9999-01-01,72554,1965-01-07
405015,Staff,9999-01-01,72535,1965-01-02
236883,Staff,9999-01-01,72410,1965-01-27
213140,Staff,9999-01-01,72365,1965-01-10
265039,Staff,9999-01-01,71928,1965-01-03
41137,Staff,9999-01-01,71921,1965-01-20
246764,Staff,9999-01-01,71627,1965-01-04
458191,Staff,9999-01-01,71591,1965-01-28
203474,Staff,9999-01-01,71401,1965-01-03
269728,Staff,9999-01-01,71296,1965-01-12
457305,Staff,9999-01-01,71290,1965-01-15
278536,Staff,9999-01-01,70597,1965-01-14
447376,Staff,9999-01-01,70592,1965-01-07
435602,Staff,9999-01-01,70591,1965-01-29
55857,Staff,9999-01-01,70416,1965-01-18
40269,Staff,9999-01-01,70370,1965-01-10
95314,Staff,9999-01-01,69833,1965-01-22
43154,Staff,9999-01-01,69813,1965-01-13
22455,Staff,9999-01-01,69644,1965-01-06
414897,Staff,9999-01-01,69580,1965-01-17
471939,Staff,9999-01-01,69487,1965-01-27
14907,Staff,9999-01-01,69351,1965-01-14
101647,Staff,9999-01-01,69247,1965-01-22
239748,Staff,9999-01-01,69092,1965-01-23
248256,Staff,9999-01-01,68786,1965-01-05
245664,Staff,9999-01-01,68558,1965-01-18
488984,Staff,9999-01-01,68524,1965-01-18
88958,Staff,9999-01-01,68392,1965-01-22
109620,Staff,9999-01-01,68293,1965-01-02
460131,Staff,9999-01-01,68182,1965-01-16
429532,Staff,9999-01-01,68137,1965-01-25
418717,Staff,9999-01-01,67967,1965-01-20
423214,Staff,9999-01-01,67902,1965-01-31
89590,Staff,9999-01-01,67868,1965-01-27
48275,Staff,9999-01-01,67799,1965-01-29
288142,Staff,9999-01-01,67640,1965-01-25
14158,Staff,9999-01-01,67559,1965-01-22
53278,Staff,9999-01-01,67503,1965-01-31
31568,Staff,9999-01-01,67061,1965-01-10
259042,Staff,9999-01-01,67056,1965-01-12
465409,Staff,9999-01-01,67038,1965-01-30
29130,Staff,9999-01-01,67033,1965-01-06
453913,Staff,9999-01-01,66997,1965-01-23
32347,Staff,9999-01-01,66965,1965-01-08
446121,Staff,9999-01-01,66901,1965-01-11
273858,Staff,9999-01-01,66820,1965-01-13
95181,Staff,9999-01-01,66810,1965-01-28
451253,Staff,9999-01-01,66577,1965-01-15
235017,Staff,9999-01-01,66452,1965-01-17
274813,Staff,9999-01-01,66431,1965-01-10
103310,Staff,9999-01-01,66244,1965-01-07
247089,Staff,9999-01-01,66089,1965-01-17
288166,Staff,9999-01-01,66034,1965-01-11
479601,Staff,9999-01-01,65786,1965-01-19
200735,Staff,9999-01-01,65769,1965-01-09
52770,Staff,9999-01-01,65588,1965-01-31
406847,Staff,9999-01-01,65556,1965-01-24
408447,Staff,9999-01-01,65539,1965-01-13
286026,Staff,9999-01-01,65537,1965-01-21
52386,Staff,9999-01-01,65342,1965-01-28
498337,Staff,9999-01-01,65293,1965-01-30
494019,Staff,9999-01-01,65241,1965-01-16
17447,Staff,9999-01-01,65188,1965-01-11
437870,Staff,9999-01-01,65132,1965-01-07
200789,Staff,9999-01-01,65044,1965-01-14
284431,Staff,9999-01-01,65037,1965-01-25
400683,Staff,9999-01-01,65023,1965-01-28
50670,Staff,9999-01-01,64895,1965-01-30
288560,Staff,9999-01-01,64818,1965-01-16
61147,Staff,9999-01-01,64737,1965-01-30
85445,Staff,9999-01-01,64616,1965-01-09
71188,Staff,9999-01-01,64557,1965-01-02
423204,Staff,9999-01-01,64505,1965-01-08
208639,Staff,9999-01-01,64461,1965-01-27
83544,Staff,9999-01-01,64345,1965-01-18
34780,Staff,9999-01-01,64125,1965-01-16
20100,Staff,9999-01-01,64100,1965-01-18
236591,Staff,9999-01-01,63990,1965-01-11
87129,Staff,9999-01-01,63824,1965-01-16
262328,Staff,9999-01-01,63741,1965-01-03
10095,Staff,9999-01-01,63668,1965-01-03
260399,Staff,9999-01-01,63485,1965-01-30
49010,Staff,9999-01-01,63422,1965-01-16
233397,Staff,9999-01-01,63272,1965-01-16
266206,Staff,9999-01-01,63169,1965-02-01
428195,Staff,9999-01-01,63119,1965-01-11
413666,Staff,9999-01-01,62764,1965-01-05
206748,Staff,9999-01-01,62756,1965-01-07
428160,Staff,9999-01-01,62732,1965-01-12
219052,Staff,9999-01-01,62703,1965-01-06
30484,Staff,9999-01-01,62692,1965-01-11
296428,Staff,9999-01-01,62557,1965-01-03
295268,Staff,9999-01-01,62556,1965-01-28
60959,Staff,9999-01-01,62352,1965-01-09
15058,Staff,9999-01-01,62294,1965-01-30
435774,Staff,9999-01-01,62182,1965-01-09
240438,Staff,9999-01-01,62140,1965-01-02
488707,Staff,9999-01-01,61980,1965-01-16
229547,Staff,9999-01-01,61762,1965-01-03
95920,Staff,9999-01-01,61744,1965-01-19
276868,Staff,9999-01-01,61613,1965-01-19
227899,Staff,9999-01-01,61605,1965-01-23
230865,Staff,9999-01-01,61136,1965-01-02
64828,Staff,9999-01-01,61091,1965-01-27
435305,Staff,9999-01-01,61083,1965-01-21
494995,Staff,9999-01-01,61003,1965-01-04
419953,Staff,9999-01-01,60803,1965-01-29
243637,Staff,9999-01-01,60619,1965-01-16
243576,Staff,9999-01-01,60593,1965-01-04
106710,Staff,9999-01-01,60537,1965-01-31
432031,Staff,9999-01-01,60534,1965-01-11
453644,Staff,9999-01-01,60389,1965-01-07
452957,Staff,9999-01-01,60350,1965-01-03
101487,Staff,9999-01-01,60348,1965-01-14
108988,Staff,9999-01-01,60335,1965-01-19
21909,Staff,9999-01-01,60302,1965-01-04
230579,Staff,9999-01-01,60150,1965-01-17
293752,Staff,9999-01-01,60081,1965-01-04
443873,Staff,9999-01-01,60024,1965-01-20
463099,Staff,9999-01-01,59911,1965-01-15
408437,Staff,9999-01-01,59806,1965-01-29
432956,Staff,9999-01-01,59603,1965-01-25
420732,Staff,9999-01-01,59288,1965-01-06
89664,Staff,9999-01-01,59064,1965-01-20
221973,Staff,9999-01-01,59010,1965-01-17
461801,Staff,9999-01-01,59006,1965-01-03
47016,Staff,9999-01-01,58961,1965-01-03
493031,Staff,9999-01-01,58953,1965-01-23
243898,Staff,9999-01-01,58876,1965-01-09
287327,Staff,9999-01-01,58866,1965-01-13
254821,Staff,9999-01-01,58821,1965-01-24
48904,Staff,9999-01-01,58807,1965-01-23
239244,Staff,9999-01-01,58738,1965-01-13
426824,Staff,9999-01-01,58680,1965-01-25
99654,Staff,9999-01-01,58667,1965-01-30
418247,Staff,9999-01-01,58604,1965-01-08
457146,Staff,9999-01-01,58534,1965-01-20
24553,Staff,9999-01-01,58459,1965-01-12
51057,Staff,9999-01-01,58337,1965-01-29
10476,Staff,9999-01-01,58221,1965-01-01
86213,Staff,9999-01-01,58095,1965-01-28
264322,Staff,9999-01-01,58053,1965-01-03
101902,Staff,9999-01-01,58037,1965-01-14
259718,Staff,9999-01-01,57915,1965-01-24
109278,Staff,9999-01-01,57911,1965-01-21
253707,Staff,9999-01-01,57777,1965-01-05
242104,Staff,9999-01-01,57772,1965-01-05
294446,Staff,9999-01-01,57740,1965-01-27
487505,Staff,9999-01-01,57439,1965-01-20
10291,Staff,9999-01-01,57430,1965-01-23
452206,Staff,9999-01-01,57175,1965-01-22
36521,Staff,9999-01-01,57111,1965-01-21
36844,Staff,9999-01-01,57007,1965-01-01
223593,Staff,9999-01-01,56912,1965-01-20
217272,Staff,9999-01-01,56909,1965-01-21
415363,Staff,9999-01-01,56789,1965-01-19
439905,Staff,9999-01-01,56753,1965-01-03
441197,Staff,9999-01-01,56738,1965-01-18
109953,Staff,9999-01-01,56632,1965-01-26
203946,Staff,9999-01-01,56594,1965-01-23
467176,Staff,9999-01-01,56585,1965-01-05
80432,Staff,9999-01-01,56584,1965-01-17
457938,Staff,9999-01-01,56568,1965-01-14
35793,Staff,9999-01-01,56473,1965-01-01
240132,Staff,9999-01-01,56439,1965-02-01
108091,Staff,9999-01-01,56381,1965-01-09
59869,Staff,9999-01-01,56247,1965-02-01
298953,Staff,9999-01-01,56226,1965-02-01
452347,Staff,9999-01-01,56042,1965-01-07
434845,Staff,9999-01-01,56010,1965-01-11
448994,Staff,9999-01-01,55952,1965-01-12
480178,Staff,9999-01-01,55930,1965-01-03
440937,Staff,9999-01-01,55815,1965-01-18
17013,Staff,9999-01-01,55776,1965-01-15
435042,Staff,9999-01-01,55687,1965-01-10
274271,Staff,9999-01-01,55623,1965-01-10
420759,Staff,9999-01-01,55608,1965-01-04
261990,Staff,9999-01-01,55592,1965-01-16
488788,Staff,9999-01-01,55528,1965-01-12
205174,Staff,9999-01-01,55525,1965-01-05
204470,Staff,9999-01-01,55499,1965-01-22
450888,Staff,9999-01-01,55308,1965-01-03
296062,Staff,9999-01-01,55272,1965-01-29
448900,Staff,9999-01-01,55122,1965-01-16
51036,Staff,9999-01-01,55121,1965-01-29
404755,Staff,9999-01-01,55120,1965-01-13
205699,Staff,9999-01-01,55096,1965-01-31
229404,Staff,9999-01-01,55086,1965-01-11
24394,Staff,9999-01-01,55035,1965-01-04
466603,Staff,9999-01-01,54724,1965-01-23
250411,Staff,9999-01-01,54722,1965-01-27
251645,Staff,9999-01-01,54614,1965-01-06
104845,Staff,9999-01-01,54489,1965-01-29
80731,Staff,9999-01-01,54475,1965-01-25
228248,Staff,9999-01-01,54431,1965-01-09
91333,Staff,9999-01-01,54313,1965-01-27
220582,Staff,9999-01-01,54228,1965-01-08
486068,Staff,9999-01-01,54089,1965-01-11
492052,Staff,9999-01-01,53754,1965-01-11
407522,Staff,9999-01-01,53708,1965-01-25
295411,Staff,9999-01-01,53572,1965-01-18
402827,Staff,9999-01-01,53483,1965-01-28
437724,Staff,9999-01-01,53468,1965-01-17
463023,Staff,9999-01-01,53407,1965-01-06
257469,Staff,9999-01-01,53367,1965-01-22
246244,Staff,9999-01-01,53305,1965-01-09
31341,Staff,9999-01-01,53219,1965-01-01
437276,Staff,9999-01-01,52997,1965-01-17
210786,Staff,9999-01-01,52846,1965-01-31
442700,Staff,9999-01-01,52753,1965-01-06
467591,Staff,9999-01-01,52731,1965-01-17
403621,Staff,9999-01-01,52532,1965-01-07
106695,Staff,9999-01-01,52364,1965-01-31
235729,Staff,9999-01-01,52272,1965-02-01
10762,Staff,9999-01-01,52172,1965-01-19
53874,Staff,9999-01-01,51955,1965-01-23
267059,Staff,9999-01-01,51878,1965-01-09
40765,Staff,9999-01-01,51758,1965-01-01
426168,Staff,9999-01-01,51634,1965-01-10
216921,Staff,9999-01-01,51601,1965-01-22
222998,Staff,9999-01-01,51391,1965-01-07
217026,Staff,9999-01-01,51335,1965-01-11
244308,Staff,9999-01-01,51276,1965-01-10
418860,Staff,9999-01-01,51181,1965-02-01
56415,Staff,9999-01-01,51148,1965-01-30
234195,Staff,9999-01-01,50836,1965-01-07
491478,Staff,9999-01-01,50787,1965-01-16
408417,Staff,9999-01-01,50677,1965-01-19
427332,Staff,9999-01-01,50549,1965-01-20
91415,Staff,9999-01-01,50426,1965-01-04
481050,Staff,9999-01-01,50385,1965-01-16
489755,Staff,9999-01-01,50263,1965-01-14
256888,Staff,9999-01-01,50006,1965-01-03
34077,Staff,9999-01-01,50005,1965-01-08
469867,Staff,9999-01-01,49974,1965-01-23
445152,Staff,9999-01-01,49949,1965-01-09
290075,Staff,9999-01-01,49861,1965-01-15
70469,Staff,9999-01-01,49746,1965-01-12
450936,Staff,9999-01-01,49451,1965-01-18
249866,Staff,9999-01-01,49410,1965-01-15
260249,Staff,9999-01-01,49234,1965-01-22
201229,Staff,9999-01-01,49086,1965-01-03
435060,Staff,9999-01-01,48951,1965-01-16
77303,Staff,9999-01-01,48808,1965-01-18
464303,Staff,9999-01-01,48803,1965-01-22
206836,Staff,9999-01-01,48691,1965-01-12
420877,Staff,9999-01-01,48689,1965-01-29
39000,Staff,9999-01-01,48649,1965-01-08
424930,Staff,9999-01-01,48452,1965-01-19
426795,Staff,9999-01-01,48445,1965-01-07
238252,Staff,9999-01-01,48008,1965-01-09
210752,Staff,9999-01-01,47970,1965-01-25
276189,Staff,9999-01-01,47945,1965-01-10
290467,Staff,9999-01-01,47812,1965-01-29
44900,Staff,9999-01-01,47805,1965-01-05
436797,Staff,9999-01-01,47748,1965-01-24
462795,Staff,9999-01-01,47611,1965-01-05
48690,Staff,9999-01-01,47581,1965-01-12
408654,Staff,9999-01-01,47427,1965-01-09
477350,Staff,9999-01-01,47167,1965-01-01
215843,Staff,9999-01-01,47164,1965-01-30
219417,Staff,9999-01-01,47152,1965-01-29
89090,Staff,9999-01-01,47091,1965-01-26
207401,Staff,9999-01-01,47070,1965-01-04
66757,Staff,9999-01-01,46812,1965-01-16
97661,Staff,9999-01-01,46725,1965-01-31
214391,Staff,9999-01-01,46462,1965-01-15
426235,Staff,9999-01-01,46445,1965-01-31
60091,Staff,9999-01-01,46436,1965-02-01
58141,Staff,9999-01-01,46317,1965-01-05
235458,Staff,9999-01-01,46139,1965-01-05
427823,Staff,9999-01-01,46107,1965-01-18
85414,Staff,9999-01-01,46065,1965-01-14
423350,Staff,9999-01-01,45927,1965-01-04
240285,Staff,9999-01-01,45885,1965-01-23
470456,Staff,9999-01-01,45633,1965-01-13
413098,Staff,9999-01-01,45619,1965-01-26
286370,Staff,9999-01-01,45618,1965-01-06
59640,Staff,9999-01-01,45566,1965-01-18
227681,Staff,9999-01-01,45519,1965-01-30
289687,Staff,9999-01-01,45390,1965-01-31
257378,Staff,9999-01-01,45349,1965-01-06
52590,Staff,9999-01-01,45171,1965-01-21
97623,Staff,9999-01-01,45153,1965-01-25
488752,Staff,9999-01-01,44935,1965-01-23
60821,Staff,9999-01-01,44481,1965-01-02
295857,Staff,9999-01-01,44461,1965-01-17
297474,Staff,9999-01-01,44241,1965-01-13
52283,Staff,9999-01-01,44232,1965-01-20
92846,Staff,9999-01-01,44033,1965-01-11
54632,Staff,9999-01-01,43788,1965-01-19
449815,Staff,9999-01-01,43762,1965-01-27
263926,Staff,9999-01-01,43694,1965-01-03
280070,Staff,9999-01-01,43684,1965-01-24
30938,Staff,9999-01-01,43593,1965-01-06
498635,Staff,9999-01-01,43577,1965-01-09
98288,Staff,9999-01-01,43445,1965-01-12
469527,Staff,9999-01-01,43350,1965-01-24
56428,Staff,9999-01-01,43255,1965-01-27
282585,Staff,9999-01-01,43246,1965-01-03
414814,Staff,9999-01-01,43223,1965-01-28
37070,Staff,9999-01-01,43215,1965-01-22
241292,Staff,9999-01-01,42997,1965-01-29
108198,Staff,9999-01-01,42904,1965-01-24
471552,Staff,9999-01-01,42758,1965-01-22
438264,Staff,9999-01-01,42706,1965-01-19
210292,Staff,9999-01-01,42520,1965-01-18
440450,Staff,9999-01-01,42474,1965-01-16
90518,Staff,9999-01-01,42375,1965-01-24
272599,Staff,9999-01-01,42096,1965-01-16
286029,Staff,9999-01-01,41827,1965-01-28
212154,Staff,9999-01-01,41645,1965-01-17
275495,Staff,9999-01-01,41626,1965-01-13
280291,Staff,9999-01-01,41617,1965-01-26
80203,Staff,9999-01-01,41466,1965-01-22
19350,Staff,9999-01-01,41182,1965-01-19
425875,Staff,9999-01-01,41046,1965-01-19
25488,Staff,9999-01-01,40851,1965-01-19
263012,Staff,9999-01-01,40755,1965-01-09
488142,Staff,9999-01-01,40612,1965-01-05
429899,Staff,9999-01-01,40554,1965-01-30
413831,Staff,9999-01-01,40444,1965-01-09
14104,Staff,9999-01-01,40327,1965-01-03
496100,Staff,9999-01-01,40197,1965-01-07
479695,Staff,9999-01-01,40176,1965-01-06
18583,Staff,9999-01-01,40000,1965-01-03
18617,Staff,9999-01-01,40000,1965-01-21
20248,Staff,9999-01-01,40000,1965-01-12
20500,Staff,9999-01-01,40000,1965-01-30
22451,Staff,9999-01-01,40000,1965-01-27
27331,Staff,9999-01-01,40000,1965-01-19
27767,Staff,9999-01-01,40000,1965-01-27
29265,Staff,9999-01-01,40000,1965-01-14
34261,Staff,9999-01-01,40000,1965-01-05
35087,Staff,9999-01-01,40000,1965-01-17
36733,Staff,9999-01-01,40000,1965-01-04
38168,Staff,9999-01-01,40000,1965-01-14
38947,Staff,9999-01-01,40000,1965-01-25
39036,Staff,9999-01-01,40000,1965-01-08
39301,Staff,9999-01-01,40000,1965-01-07
40773,Staff,9999-01-01,40000,1965-01-09
42778,Staff,9999-01-01,40000,1965-01-19
43733,Staff,9999-01-01,40000,1965-01-26
46000,Staff,9999-01-01,40000,1965-01-26
52040,Staff,9999-01-01,40000,1965-01-14
53314,Staff,9999-01-01,40000,1965-01-06
54795,Staff,9999-01-01,40000,1965-01-29
61377,Staff,9999-01-01,40000,1965-01-01
63441,Staff,9999-01-01,40000,1965-01-15
66530,Staff,9999-01-01,40000,1965-01-29
67548,Staff,9999-01-01,40000,1965-01-11
71141,Staff,9999-01-01,40000,1965-01-02
78469,Staff,9999-01-01,40000,1965-01-28
80067,Staff,9999-01-01,40000,1965-01-19
83941,Staff,9999-01-01,40000,1965-01-11
84029,Staff,9999-01-01,40000,1965-01-27
84840,Staff,9999-01-01,40000,1965-01-14
86422,Staff,9999-01-01,40000,1965-02-01
86672,Staff,9999-01-01,40000,1965-01-15
87729,Staff,9999-01-01,40000,1965-01-24
89161,Staff,9999-01-01,40000,1965-01-07
89207,Staff,9999-01-01,40000,1965-01-15
90692,Staff,9999-01-01,40000,1965-01-03
91172,Staff,9999-01-01,40000,1965-01-19
98639,Staff,9999-01-01,40000,1965-01-29
99057,Staff,9999-01-01,40000,1965-01-30
99373,Staff,9999-01-01,40000,1965-01-13
103196,Staff,9999-01-01,40000,1965-01-16
106242,Staff,9999-01-01,40000,1965-02-01
200267,Staff,9999-01-01,40000,1965-01-08
201708,Staff,9999-01-01,40000,1965-01-15
204246,Staff,9999-01-01,40000,1965-01-09
205660,Staff,9999-01-01,40000,1965-01-27
207980,Staff,9999-01-01,40000,1965-01-07
209565,Staff,9999-01-01,40000,1965-01-09
210017,Staff,9999-01-01,40000,1965-01-28
212093,Staff,9999-01-01,40000,1965-01-11
215419,Staff,9999-01-01,40000,1965-01-16
215629,Staff,9999-01-01,40000,1965-01-15
216054,Staff,9999-01-01,40000,1965-01-24
218100,Staff,9999-01-01,40000,1965-01-24
220611,Staff,9999-01-01,40000,1965-01-23
220699,Staff,9999-01-01,40000,1965-01-07
222206,Staff,9999-01-01,40000,1965-01-21
224934,Staff,9999-01-01,40000,1965-01-05
227901,Staff,9999-01-01,40000,1965-01-26
229248,Staff,9999-01-01,40000,1965-01-27
230126,Staff,9999-01-01,40000,1965-01-31
230354,Staff,9999-01-01,40000,1965-01-31
231671,Staff,9999-01-01,40000,1965-01-07
232178,Staff,9999-01-01,40000,1965-01-29
236566,Staff,9999-01-01,40000,1965-01-17
238422,Staff,9999-01-01,40000,1965-01-10
239803,Staff,9999-01-01,40000,1965-01-30
240870,Staff,9999-01-01,40000,1965-01-06
241872,Staff,9999-01-01,40000,1965-01-11
244605,Staff,9999-01-01,40000,1965-01-22
244624,Staff,9999-01-01,40000,1965-01-31
245396,Staff,9999-01-01,40000,1965-01-31
246902,Staff,9999-01-01,40000,1965-01-27
247122,Staff,9999-01-01,40000,1965-01-23
251341,Staff,9999-01-01,40000,1965-01-11
256856,Staff,9999-01-01,40000,1965-01-03
257484,Staff,9999-01-01,40000,1965-01-01
259237,Staff,9999-01-01,40000,1965-01-27
260408,Staff,9999-01-01,40000,1965-01-19
264626,Staff,9999-01-01,40000,1965-01-13
266310,Staff,9999-01-01,40000,1965-01-23
266644,Staff,9999-01-01,40000,1965-01-08
266881,Staff,9999-01-01,40000,1965-01-11
270084,Staff,9999-01-01,40000,1965-01-11
272141,Staff,9999-01-01,40000,1965-01-13
272285,Staff,9999-01-01,40000,1965-01-19
274071,Staff,9999-01-01,40000,1965-01-01
276027,Staff,9999-01-01,40000,1965-01-04
276186,Staff,9999-01-01,40000,1965-01-30
278239,Staff,9999-01-01,40000,1965-01-19
278452,Staff,9999-01-01,40000,1965-01-07
282333,Staff,9999-01-01,40000,1965-01-25
289807,Staff,9999-01-01,40000,1965-01-04
290009,Staff,9999-01-01,40000,1965-01-22
295254,Staff,9999-01-01,40000,1965-01-15
296687,Staff,9999-01-01,40000,1965-01-02
299718,Staff,9999-01-01,40000,1965-01-15
401154,Staff,9999-01-01,40000,1965-01-27
403644,Staff,9999-01-01,40000,1965-01-19
404573,Staff,9999-01-01,40000,1965-01-31
406714,Staff,9999-01-01,40000,1965-02-01
410028,Staff,9999-01-01,40000,1965-01-11
420476,Staff,9999-01-01,40000,1965-01-28
420694,Staff,9999-01-01,40000,1965-01-19
421384,Staff,9999-01-01,40000,1965-01-02
426818,Staff,9999-01-01,40000,1965-01-21
427313,Staff,9999-01-01,40000,1965-01-31
428082,Staff,9999-01-01,40000,1965-01-09
429316,Staff,9999-01-01,40000,1965-01-08
429703,Staff,9999-01-01,40000,1965-01-06
432121,Staff,9999-01-01,40000,1965-01-06
435181,Staff,9999-01-01,40000,1965-01-16
435588,Staff,9999-01-01,40000,1965-01-29
436915,Staff,9999-01-01,40000,1965-01-13
440870,Staff,9999-01-01,40000,1965-01-01
441965,Staff,9999-01-01,40000,1965-01-12
444070,Staff,9999-01-01,40000,1965-01-15
444643,Staff,9999-01-01,40000,1965-01-18
453070,Staff,9999-01-01,40000,1965-01-06
453154,Staff,9999-01-01,40000,1965-01-03
453760,Staff,9999-01-01,40000,1965-01-13
455175,Staff,9999-01-01,40000,1965-01-14
457070,Staff,9999-01-01,40000,1965-01-25
458134,Staff,9999-01-01,40000,1965-01-11
458726,Staff,9999-01-01,40000,1965-01-13
463495,Staff,9999-01-01,40000,1965-01-28
465501,Staff,9999-01-01,40000,1965-01-05
465853,Staff,9999-01-01,40000,1965-01-01
466367,Staff,9999-01-01,40000,1965-01-05
466745,Staff,9999-01-01,40000,1965-01-26
467918,Staff,9999-01-01,40000,1965-01-03
473490,Staff,9999-01-01,40000,1965-01-06
475258,Staff,9999-01-01,40000,1965-01-10
475538,Staff,9999-01-01,40000,1965-01-15
476055,Staff,9999-01-01,40000,1965-01-03
478858,Staff,9999-01-01,40000,1965-01-20
480035,Staff,9999-01-01,40000,1965-01-26
482354,Staff,9999-01-01,40000,1965-01-23
484142,Staff,9999-01-01,40000,1965-01-05
487988,Staff,9999-01-01,40000,1965-01-05
492000,Staff,9999-01-01,40000,1965-01-10
498456,Staff,9999-01-01,40000,1965-01-17
498838,Staff,9999-01-01,40000,1965-01-16
260153,Technique Leader,9999-01-01,71781,1965-01-28
65171,Technique Leader,9999-01-01,71349,1965-01-25
474796,Technique Leader,9999-01-01,68336,1965-01-10
88422,Technique Leader,9999-01-01,67886,1965-01-28
34936,Technique Leader,9999-01-01,65899,1965-01-12
454378,Technique Leader,9999-01-01,63514,1965-01-06
79043,Technique Leader,9999-01-01,62200,1965-01-24
105342,Technique Leader,9999-01-01,61529,1965-01-01
229386,Technique Leader,9999-01-01,60980,1965-01-03
41114,Technique Leader,9999-01-01,60729,1965-01-25
260501,Technique Leader,9999-01-01,59070,1965-01-14
254399,Technique Leader,9999-01-01,58503,1965-01-24
448769,Technique Leader,9999-01-01,56886,1965-01-18
23396,Technique Leader,9999-01-01,55806,1965-01-02
291352,Technique Leader,9999-01-01,55697,1965-01-07
409798,Technique Leader,9999-01-01,55643,1965-01-15
296303,Technique Leader,9999-01-01,55209,1965-01-28
68648,Technique Leader,9999-01-01,55150,1965-01-25
401574,Technique Leader,9999-01-01,52475,1965-01-13
287808,Technique Leader,9999-01-01,51801,1965-01-09
429087,Technique Leader,9999-01-01,51383,1965-01-27
59195,Technique Leader,9999-01-01,50132,1965-01-08
33215,Technique Leader,9999-01-01,48797,1965-01-29
450309,Technique Leader,9999-01-01,47695,1965-01-08
10663,Technique Leader,9999-01-01,47521,1965-01-09
77030,Technique Leader,9999-01-01,47503,1965-01-02
478439,Technique Leader,9999-01-01,47250,1965-01-15
24080,Technique Leader,9999-01-01,47203,1965-01-26
28988,Technique Leader,9999-01-01,47185,1965-01-18
445570,Technique Leader,9999-01-01,46882,1965-01-25
218022,Technique Leader,9999-01-01,46593,1965-01-26
471532,Technique Leader,9999-01-01,46522,1965-01-17
52778,Technique Leader,9999-01-01,46041,1965-01-15
223595,Technique Leader,9999-01-01,44999,1965-02-01
480268,Technique Leader,9999-01-01,44209,1965-01-18
205085,Technique Leader,9999-01-01,43219,1965-01-23
77647,Technique Leader,9999-01-01,42981,1965-01-07
278386,Technique Leader,9999-01-01,42957,1965-01-15
295255,Technique Leader,9999-01-01,42789,1965-01-04
251814,Technique Leader,9999-01-01,42555,1965-01-01
476361,Technique Leader,9999-01-01,42446,1965-01-09
10122,Technique Leader,9999-01-01,42284,1965-01-19
445941,Technique Leader,9999-01-01,41871,1965-01-11
203599,Technique Leader,9999-01-01,41382,1965-01-21
219497,Technique Leader,9999-01-01,40929,1965-01-22
13499,Technique Leader,9999-01-01,40000,1965-01-16
17970,Technique Leader,9999-01-01,40000,1965-01-06
30154,Technique Leader,9999-01-01,40000,1965-01-26
31188,Technique Leader,9999-01-01,40000,1965-01-12
40983,Technique Leader,9999-01-01,40000,1965-01-17
59966,Technique Leader,9999-01-01,40000,1965-01-28
81545,Technique Leader,9999-01-01,40000,1965-01-13
84942,Technique Leader,9999-01-01,40000,1965-01-15
93600,Technique Leader,9999-01-01,40000,1965-01-13
94331,Technique Leader,9999-01-01,40000,1965-01-26
109252,Technique Leader,9999-01-01,40000,1965-01-15
203495,Technique Leader,9999-01-01,40000,1965-01-02
217286,Technique Leader,9999-01-01,40000,1965-01-05
219035,Technique Leader,9999-01-01,40000,1965-01-18
220625,Technique Leader,9999-01-01,40000,1965-01-25
226216,Technique Leader,9999-01-01,40000,1965-01-28
236315,Technique Leader,9999-01-01,40000,1965-01-31
238112,Technique Leader,9999-01-01,40000,1965-01-12
251403,Technique Leader,9999-01-01,40000,1965-01-01
255779,Technique Leader,9999-01-01,40000,1965-01-31
263186,Technique Leader,9999-01-01,40000,1965-01-22
273159,Technique Leader,9999-01-01,40000,1965-01-26
406125,Technique Leader,9999-01-01,40000,1965-01-25
413729,Technique Leader,9999-01-01,40000,1965-01-02
423993,Technique Leader,9999-01-01,40000,1965-01-01
446897,Technique Leader,9999-01-01,40000,1965-01-22
450255,Technique Leader,9999-01-01,40000,1965-01-31
457337,Technique Leader,9999-01-01,40000,1965-01-31
463472,Technique Leader,9999-01-01,40000,1965-01-11
467269,Technique Leader,9999-01-01,40000,1965-01-18
468360,Technique Leader,9999-01-01,40000,1965-01-12
497835,Technique Leader,9999-01-01,40000,1965-01-29
